ticket_id,customer_id,issue_type,resolution_time
0cc52fdc,CUST00004,other,57.86
f6f114fe,CUST00004,delivery,71.54
15f9e1bc,CUST00004,delivery,14.02
3b54e04c,CUST00005,billing,81.79
1c109041,CUST00005,refund,4.68
56dccb0b,CUST00005,refund,65.0
d095ef76,CUST00006,refund,79.83
7c8ba7d3,CUST00006,delivery,84.61
fd0c6896,CUST00007,technical,34.98
ac5ba074,CUST00008,billing,9.3
db742313,CUST00008,login,11.64
f823da2d,CUST00008,login,79.66
66c55261,CUST00009,other,4.82
5d1f10e7,CUST00009,technical,74.81
ecc1cfba,CUST00009,technical,25.41
c5b2975f,CUST00009,billing,30.85
c25e78d0,CUST00010,technical,117.73
e8c9bc1c,CUST00010,billing,88.68
c9048066,CUST00010,technical,72.44
3ca20dcf,CUST00011,technical,31.06
9cf1fb02,CUST00011,delivery,25.4
2d2f672d,CUST00012,other,92.05
f7e7e1fb,CUST00012,technical,3.97
a7372809,CUST00012,refund,43.97
dcafd974,CUST00013,delivery,79.23
e6f307aa,CUST00013,refund,66.53
67235df8,CUST00014,other,104.83
c6aa232f,CUST00014,login,68.15
c6092dcb,CUST00015,billing,26.85
136032b6,CUST00015,delivery,65.58
d5341f99,CUST00015,login,66.64
4fba2280,CUST00017,other,116.25
afec01d1,CUST00017,billing,27.3
6e682f65,CUST00019,other,18.57
7baa8c27,CUST00019,delivery,35.83
2719ca02,CUST00020,delivery,2.86
68609737,CUST00021,technical,14.6
6663ae01,CUST00021,technical,68.6
ea28c3f0,CUST00021,refund,85.82
97c88598,CUST00023,other,18.8
37b111c1,CUST00023,technical,65.04
3b56f91a,CUST00024,delivery,49.22
430a6f3e,CUST00024,login,115.72
3cfbb026,CUST00025,login,95.47
1bace946,CUST00028,delivery,75.96
8681ff9c,CUST00028,refund,93.1
d8ddb317,CUST00029,delivery,98.99
58af845b,CUST00030,billing,99.13
9adb1ea2,CUST00030,other,12.33
743c5722,CUST00031,login,8.77
1398edc4,CUST00032,delivery,105.07
73303525,CUST00032,technical,34.5
2ba8407d,CUST00034,other,88.37
8a79f1cd,CUST00035,refund,72.92
20e3dece,CUST00035,delivery,54.07
0eb346ad,CUST00038,refund,47.67
01a2261d,CUST00039,technical,29.92
59c08f71,CUST00039,refund,56.75
07513495,CUST00039,other,0.84
97caebd7,CUST00039,billing,50.96
3f111dc7,CUST00040,refund,72.27
dbb71bbb,CUST00042,other,67.42
6d4c16e3,CUST00042,other,18.55
b3407f0a,CUST00042,login,114.04
65ac910e,CUST00043,billing,87.87
dfc417c9,CUST00043,refund,97.31
cd4838d3,CUST00043,login,10.8
c78251e5,CUST00044,other,36.0
d48300c5,CUST00044,billing,67.75
6fc413bf,CUST00044,refund,46.95
dfd9110c,CUST00045,login,76.79
c9c39355,CUST00045,delivery,87.52
1ce65603,CUST00045,technical,13.43
3aa4cc48,CUST00045,billing,84.03
7f46a0e2,CUST00046,delivery,24.03
85ba5ec6,CUST00046,refund,59.12
d06d8edd,CUST00046,refund,37.22
95af3bd5,CUST00046,login,32.12
8451e36f,CUST00047,other,77.15
1435594d,CUST00047,other,80.92
0929244b,CUST00052,technical,89.7
f0d0db1b,CUST00052,billing,52.77
546d7422,CUST00052,delivery,15.18
a72664f2,CUST00054,technical,27.73
e1aa500e,CUST00054,technical,39.85
6eddd5f4,CUST00055,billing,66.22
6c4b271c,CUST00055,technical,101.03
059b0622,CUST00055,login,35.1
c6f93cdf,CUST00056,refund,106.02
3cb88e3e,CUST00056,refund,39.52
58bcfa39,CUST00057,login,48.93
930425d1,CUST00057,refund,91.74
a40646eb,CUST00057,delivery,87.67
1afac2ad,CUST00057,delivery,30.24
85e86d8b,CUST00058,technical,3.35
2f0bde43,CUST00058,other,30.69
8f07d308,CUST00060,other,61.92
88a6fc85,CUST00060,login,34.59
67f5d885,CUST00060,other,69.81
e338918c,CUST00061,other,88.28
b40aefb1,CUST00065,billing,45.16
b086bb77,CUST00065,refund,36.53
1a1bd4d5,CUST00065,delivery,49.61
a531c3be,CUST00065,technical,52.58
11df9118,CUST00066,other,103.91
a7023aa5,CUST00067,refund,89.99
33224503,CUST00067,delivery,24.24
8103e50b,CUST00067,technical,98.6
fa320798,CUST00067,other,34.44
4a28f2e7,CUST00069,other,106.59
9d6e060d,CUST00069,refund,10.61
bc3ca081,CUST00069,technical,68.64
bd043b1a,CUST00070,other,39.2
5793919e,CUST00070,delivery,61.85
6887484b,CUST00071,other,72.95
c621ab74,CUST00072,technical,58.01
2c7b8443,CUST00072,delivery,11.78
1893cb7e,CUST00072,other,119.41
89561386,CUST00072,technical,77.71
c232e4e1,CUST00074,technical,43.55
fb668875,CUST00074,billing,107.89
84f724ee,CUST00074,billing,114.21
9f8e82d7,CUST00074,refund,75.93
ce711566,CUST00075,other,97.83
94845f28,CUST00075,login,49.57
40b1080c,CUST00077,login,36.15
2b879508,CUST00077,technical,99.16
e746466e,CUST00077,refund,72.7
0bce355d,CUST00078,other,56.45
43a651b5,CUST00078,billing,14.63
ec40d0a9,CUST00080,login,15.69
80d41cae,CUST00080,billing,31.98
31bb73c4,CUST00083,delivery,43.08
7f216993,CUST00084,technical,49.01
451a5dc8,CUST00084,login,7.27
0c97263d,CUST00085,other,3.15
ad0c4c3a,CUST00085,refund,42.33
e57dcb76,CUST00086,delivery,93.63
2bbdac81,CUST00086,technical,14.14
c923aa88,CUST00086,other,102.41
6bae8ed5,CUST00087,refund,66.48
a3ab6913,CUST00087,billing,40.63
6b240ed7,CUST00087,other,4.51
09662b6b,CUST00088,other,97.97
c90cfd78,CUST00089,other,76.97
2968f3e4,CUST00089,refund,63.93
f18fa847,CUST00089,login,63.79
c12ae24f,CUST00089,technical,8.23
a654fd71,CUST00090,billing,67.16
a05c9aaf,CUST00090,other,84.05
4a202178,CUST00090,refund,27.67
4c7fbc79,CUST00092,delivery,64.63
05b90811,CUST00093,other,48.53
933e5af4,CUST00093,other,119.46
4ba625ba,CUST00094,technical,102.07
aaeeab7c,CUST00094,technical,115.71
ef388d2d,CUST00094,login,55.65
aef0c354,CUST00095,refund,3.37
14b155e8,CUST00095,technical,118.26
2981989f,CUST00095,other,39.57
18782e5d,CUST00095,login,7.09
a54dc9ec,CUST00096,billing,96.88
91ceb8c1,CUST00096,other,117.41
851c7067,CUST00096,technical,104.38
5b5bd0e2,CUST00096,technical,47.74
f1df7dc5,CUST00097,technical,102.04
1e906ff4,CUST00099,login,39.63
d9afed1c,CUST00100,refund,101.02
53529076,CUST00100,login,107.54
53ecbc6e,CUST00100,delivery,6.05
378ec1a2,CUST00100,other,51.52
501f3245,CUST00101,refund,82.04
eadf3530,CUST00101,delivery,116.53
49bb0f3a,CUST00102,billing,56.87
b73220ca,CUST00103,refund,64.07
5f06d51c,CUST00104,technical,27.66
f69332bc,CUST00104,delivery,51.33
6ed02971,CUST00105,other,52.16
7cfde3a5,CUST00105,billing,4.72
7eb84a78,CUST00106,delivery,100.35
f7f77fd0,CUST00106,refund,36.82
6710b890,CUST00107,technical,90.67
55b8f8da,CUST00107,billing,118.05
29a23cce,CUST00107,billing,59.6
a81cca3f,CUST00108,other,52.22
246146a9,CUST00109,refund,75.95
94fb3112,CUST00109,refund,41.53
4a762b48,CUST00109,other,70.81
ab379561,CUST00109,login,82.34
5064a8c6,CUST00110,delivery,105.89
769fa92c,CUST00111,technical,34.11
db753dac,CUST00111,other,32.09
70941b65,CUST00112,login,62.28
7da6595d,CUST00113,technical,17.1
55f265cd,CUST00113,billing,10.41
0cbfa4d3,CUST00113,other,109.57
88ce616b,CUST00114,technical,76.02
0f2d3c36,CUST00114,delivery,6.51
af091295,CUST00114,refund,107.86
2c624c74,CUST00114,other,6.5
6f9394de,CUST00115,technical,14.97
25774db9,CUST00115,billing,59.11
cf6af6a3,CUST00115,technical,76.76
4056ca3b,CUST00115,other,35.45
8f4a4a85,CUST00116,login,114.72
24193c35,CUST00116,refund,62.23
68c004cc,CUST00117,login,13.79
2c1f42d4,CUST00120,delivery,5.43
0ed3b37d,CUST00121,refund,90.43
ad3ebf41,CUST00121,technical,104.69
7eda2dca,CUST00121,refund,116.18
9571ec77,CUST00121,other,18.09
a7c625c3,CUST00123,refund,43.74
1c7e3e67,CUST00123,delivery,28.39
68759494,CUST00125,billing,14.06
6d774f1a,CUST00125,login,64.91
ed762381,CUST00125,other,31.88
e12805bf,CUST00125,billing,53.89
b76fa86a,CUST00126,technical,17.8
2fe0fa9f,CUST00126,technical,68.25
bea38fad,CUST00127,delivery,33.73
b5a61923,CUST00127,other,77.2
14a0862c,CUST00128,billing,61.14
68e66675,CUST00128,other,56.71
b27f2da3,CUST00130,billing,76.23
91481a52,CUST00131,other,47.06
f8fe6e79,CUST00132,technical,79.33
dcb94a2c,CUST00132,refund,34.26
b2c45a40,CUST00132,delivery,79.13
13be49cd,CUST00133,billing,33.01
ab2bc21e,CUST00133,other,49.9
cba65631,CUST00133,technical,106.52
086498dc,CUST00135,other,106.57
e0dabb60,CUST00137,login,9.51
1eb9f506,CUST00137,billing,69.81
baa3817a,CUST00137,other,6.74
d6c10d3a,CUST00140,technical,101.01
3ae70c40,CUST00140,billing,54.25
ae5c01f5,CUST00141,billing,18.25
01478951,CUST00142,other,3.47
cb433ccd,CUST00143,login,44.31
dac9f483,CUST00145,other,67.35
846075b8,CUST00145,login,44.94
98f13176,CUST00145,delivery,5.71
1a784095,CUST00145,billing,4.37
5a5d4da0,CUST00147,technical,1.67
f8d873d1,CUST00147,technical,64.43
e125a029,CUST00147,refund,104.27
862813f3,CUST00147,billing,114.14
fb0d403e,CUST00148,delivery,41.37
7d103969,CUST00148,login,62.06
e76ec771,CUST00149,delivery,16.5
2690418e,CUST00149,login,106.5
f2497b5b,CUST00149,technical,86.59
e916b863,CUST00150,other,85.58
d0ee8c7c,CUST00150,delivery,34.62
332698e6,CUST00150,delivery,26.45
e5eeb87d,CUST00150,other,60.45
a04a0ca7,CUST00152,delivery,91.83
156808c8,CUST00153,delivery,98.65
261e5a06,CUST00153,other,20.7
a7701240,CUST00153,delivery,18.56
29c16372,CUST00153,technical,20.71
57fb40fd,CUST00154,delivery,13.55
277c40df,CUST00154,billing,42.85
7ca810aa,CUST00156,other,34.88
f50e30d8,CUST00158,billing,62.8
76e98fd3,CUST00158,billing,77.89
acd0c8bd,CUST00159,login,83.26
c9ca76b5,CUST00159,delivery,87.07
250eb045,CUST00159,delivery,22.37
3a916ade,CUST00159,delivery,41.1
136fea1f,CUST00160,other,108.07
58a6d3fc,CUST00160,other,43.9
a00706af,CUST00160,login,74.61
5621ae88,CUST00160,delivery,90.2
6fb9f41b,CUST00161,billing,8.99
ed4c39f9,CUST00161,technical,14.55
652feed7,CUST00161,login,8.13
b5e610c7,CUST00161,refund,91.29
387a3a19,CUST00162,login,95.41
c3bf81aa,CUST00162,login,97.54
acfcccca,CUST00162,other,90.67
fa6dddd3,CUST00163,refund,54.96
87db3caf,CUST00163,refund,50.76
170f0316,CUST00164,login,83.37
20ec049d,CUST00165,delivery,3.62
fbe74e35,CUST00165,refund,3.25
9b2f61a0,CUST00166,technical,24.3
8917a505,CUST00166,delivery,94.31
52e24046,CUST00166,other,32.14
45bad633,CUST00167,other,12.71
614ac1de,CUST00167,login,86.8
65622974,CUST00167,delivery,47.31
4f7ea717,CUST00168,other,94.44
378acedf,CUST00168,other,11.27
e95e1f31,CUST00170,technical,19.28
d145aaa9,CUST00170,billing,107.23
99596c78,CUST00170,billing,5.08
fa09b6d7,CUST00171,delivery,65.24
a92ed6be,CUST00171,login,80.5
4f31fc2e,CUST00171,delivery,62.31
5e41aef2,CUST00171,login,70.48
2e98e5fd,CUST00172,other,0.88
13df49ea,CUST00172,login,57.57
9d81833f,CUST00173,technical,33.23
f9649130,CUST00173,refund,69.41
0c7c089e,CUST00174,technical,5.99
9b84bfde,CUST00175,other,15.07
2fb391a4,CUST00176,refund,52.77
a4558dd1,CUST00177,technical,71.47
ee20d0f9,CUST00179,delivery,37.18
2a243542,CUST00179,refund,116.86
5dc22e84,CUST00179,billing,95.37
bb5985a9,CUST00180,delivery,35.16
11afedee,CUST00181,delivery,27.5
bbc74d58,CUST00181,refund,21.07
ee596cc8,CUST00183,delivery,102.35
fefd43d2,CUST00183,refund,22.21
375c2226,CUST00183,refund,29.82
6eef741b,CUST00184,other,18.59
a9a3e64c,CUST00184,delivery,83.03
8d600892,CUST00184,refund,42.22
2506d413,CUST00184,refund,113.0
129021f8,CUST00185,other,21.26
2afacc51,CUST00185,login,84.63
16248d44,CUST00185,other,24.72
209ca862,CUST00185,login,4.31
6bd368e4,CUST00186,other,73.56
82c73ab3,CUST00186,login,99.3
f2607c69,CUST00186,delivery,23.4
313a22be,CUST00187,other,108.41
054caa6c,CUST00187,refund,58.0
8994a4b1,CUST00188,other,33.9
b90f8d47,CUST00189,login,73.3
12fe4a7a,CUST00189,other,88.87
01bd0fce,CUST00189,other,21.0
85df264d,CUST00189,delivery,112.21
1d79a843,CUST00190,delivery,111.18
31c5fae3,CUST00192,refund,48.43
bdf6f1fc,CUST00192,login,55.02
b6066c68,CUST00192,billing,51.25
ff7d832e,CUST00192,login,98.72
99618c67,CUST00193,delivery,20.43
307ca423,CUST00194,login,114.98
a3ef0857,CUST00194,technical,15.85
74b5c1c2,CUST00194,delivery,116.81
2e2f210a,CUST00196,technical,40.26
fed628d4,CUST00196,login,108.24
a06cfa9f,CUST00196,refund,56.48
b98adaa4,CUST00196,login,69.85
03c95c04,CUST00197,billing,76.39
9814d31f,CUST00197,delivery,63.74
26c9534e,CUST00197,refund,70.09
4d48bfc6,CUST00197,delivery,106.23
ab0ea385,CUST00198,delivery,32.23
a88f095a,CUST00198,technical,56.65
1a147297,CUST00199,delivery,61.16
2df3bcaf,CUST00199,billing,8.86
ede296bc,CUST00199,refund,69.36
86004ee6,CUST00200,login,1.25
a8168612,CUST00200,login,53.39
53a2960a,CUST00202,technical,56.92
ebb3e6c2,CUST00202,other,6.65
75563a48,CUST00202,login,116.47
d5b7b198,CUST00206,delivery,36.93
7c00191b,CUST00207,billing,19.76
9ac0dc08,CUST00208,technical,111.89
04f41193,CUST00208,refund,73.65
b8a01a00,CUST00209,delivery,3.71
7cabd5d4,CUST00209,technical,13.33
2251b41d,CUST00209,refund,66.04
6e254a94,CUST00209,delivery,7.98
f65e8c9b,CUST00210,login,110.38
7e99a7d6,CUST00211,delivery,84.22
034be541,CUST00211,delivery,25.35
08095cbb,CUST00211,billing,66.04
838ab891,CUST00213,billing,63.61
c43e06be,CUST00213,delivery,24.73
e6aa6d17,CUST00213,refund,25.98
892cb39b,CUST00214,technical,80.26
425f9dce,CUST00214,login,54.46
5de3ab85,CUST00214,refund,7.16
8a9dd637,CUST00214,billing,59.76
9da8503a,CUST00215,other,99.93
588b8c97,CUST00215,login,21.65
b2746279,CUST00215,other,105.3
8282f5bd,CUST00215,delivery,52.48
252e09b4,CUST00216,refund,38.92
fd1f481a,CUST00216,billing,23.63
74fbf8d6,CUST00216,technical,104.5
6a979690,CUST00216,delivery,19.3
8b4c3ddb,CUST00217,refund,86.62
9d792639,CUST00217,refund,41.91
79bad1f2,CUST00218,login,73.74
368d2873,CUST00218,technical,100.17
10662bbf,CUST00219,technical,57.67
592221a8,CUST00219,login,51.64
57ffa031,CUST00220,login,44.99
b7881ac2,CUST00221,delivery,10.31
edd1d4d6,CUST00222,refund,43.56
709c4b90,CUST00223,other,97.04
633b7ce5,CUST00223,delivery,11.88
a98304c3,CUST00223,billing,19.18
e90a4efa,CUST00224,other,32.21
91d3be3f,CUST00224,other,15.39
c5c8af0b,CUST00225,login,26.32
034bb863,CUST00228,billing,17.92
7cec734a,CUST00228,login,15.89
e991cb87,CUST00228,refund,88.17
0ee1c517,CUST00229,other,28.77
226d6ce2,CUST00229,billing,58.84
a782b5d4,CUST00231,billing,18.06
afcd2e77,CUST00231,technical,22.87
3fed09f5,CUST00231,technical,45.43
12456065,CUST00231,technical,102.75
df0636b5,CUST00233,billing,72.26
e1d65de2,CUST00233,other,99.45
e3431899,CUST00233,billing,4.11
3457aa76,CUST00233,technical,21.7
55091f37,CUST00234,technical,12.22
fcb4f761,CUST00234,login,114.61
8a87dd10,CUST00234,login,79.41
8c41badc,CUST00235,technical,41.07
2a134d11,CUST00236,billing,93.9
d81cef74,CUST00237,refund,116.99
f10780f1,CUST00238,delivery,107.99
d869650b,CUST00238,refund,40.9
1a6a17c3,CUST00238,billing,18.65
59ae57b2,CUST00239,delivery,112.6
1442957c,CUST00241,login,119.52
72ba381f,CUST00241,refund,68.5
13afd640,CUST00242,technical,7.2
a4e58421,CUST00242,billing,95.98
8fb9b58b,CUST00242,billing,60.7
1688cc78,CUST00243,refund,112.94
f9349244,CUST00243,refund,98.15
1afaed02,CUST00243,delivery,109.29
4a9618b5,CUST00243,billing,72.43
6c2f5b7c,CUST00246,delivery,71.7
5ad9bd38,CUST00246,billing,118.14
94f322b3,CUST00246,login,2.97
59552194,CUST00246,technical,67.97
6882c0c1,CUST00248,other,35.22
67fc8b25,CUST00249,technical,45.81
a0e38479,CUST00252,login,50.3
396bb333,CUST00252,refund,32.37
5d0cd1eb,CUST00252,delivery,40.31
5b56f939,CUST00252,refund,23.9
1ead221a,CUST00253,delivery,105.35
c8008ff3,CUST00255,login,59.85
a57378da,CUST00255,refund,63.04
8e70f0ff,CUST00255,other,61.68
b1120e63,CUST00255,other,101.83
7e52a08e,CUST00256,billing,109.28
2f69ec09,CUST00256,login,109.19
7f9fb90e,CUST00256,technical,89.66
0273f66c,CUST00256,refund,87.92
b6fe547a,CUST00257,delivery,63.45
9b1c7f46,CUST00258,technical,118.66
65e2c457,CUST00258,technical,46.92
536b804f,CUST00258,billing,12.07
33eb5724,CUST00258,login,21.02
7d645e42,CUST00259,technical,24.44
3a8131d7,CUST00259,delivery,52.08
a5f55c5d,CUST00260,technical,80.51
d794727c,CUST00260,billing,94.9
0a8a7f7e,CUST00260,billing,118.43
815f3c71,CUST00260,login,107.57
d5fd1320,CUST00261,delivery,16.16
9d5b4e79,CUST00261,other,30.74
b42f7ad6,CUST00261,billing,41.07
22d55ad9,CUST00261,billing,89.44
92119f14,CUST00262,delivery,65.83
e7ef4845,CUST00262,other,3.75
4917a427,CUST00263,refund,6.26
862bea8d,CUST00263,refund,80.69
937ed0c3,CUST00263,refund,111.23
4a7497fb,CUST00263,login,100.9
d2cb9c22,CUST00265,delivery,23.71
7bbdd6d0,CUST00266,refund,39.13
7fc942c2,CUST00266,refund,94.76
e7d00582,CUST00268,refund,23.44
9c03c746,CUST00268,login,68.37
1cb3d2eb,CUST00268,login,119.91
96e3bde9,CUST00270,delivery,119.35
c7a2b844,CUST00270,other,5.84
79d81f10,CUST00270,other,102.71
ad8fe504,CUST00270,technical,64.25
abc736db,CUST00272,login,52.79
f2e48395,CUST00272,other,19.91
f6b66784,CUST00273,other,8.72
84a347a1,CUST00273,refund,15.79
6dcbff9d,CUST00273,technical,35.78
91444e9b,CUST00273,refund,13.23
8d4b2e05,CUST00274,billing,21.56
b3f4b505,CUST00274,technical,12.48
ed1054fb,CUST00275,login,80.11
f99fc061,CUST00275,login,78.95
eac70a3f,CUST00276,other,75.87
088e1cd5,CUST00277,login,79.96
5fdaa83f,CUST00277,technical,113.47
2a3fb573,CUST00277,delivery,29.0
eefbde8f,CUST00277,delivery,36.9
83924fba,CUST00279,other,23.71
1ce58090,CUST00280,login,4.18
60db8b80,CUST00280,refund,27.03
32487673,CUST00280,login,115.53
6611504d,CUST00280,technical,114.57
6c18e0ae,CUST00281,billing,66.82
8032d54e,CUST00281,billing,67.53
63706c79,CUST00282,login,13.15
a52fc3bb,CUST00282,other,45.04
7de6ad74,CUST00282,refund,45.4
0d09c608,CUST00282,delivery,24.63
139ce678,CUST00283,other,46.94
25da69b5,CUST00285,delivery,74.94
d3fb2d9f,CUST00285,delivery,114.0
4f519834,CUST00285,billing,119.11
cb92fb2a,CUST00287,other,40.83
3c749368,CUST00287,technical,32.57
815da5ab,CUST00287,technical,106.09
42df52cb,CUST00287,billing,78.24
4a2938b8,CUST00290,refund,86.56
341b3f86,CUST00290,refund,21.27
cf2b922d,CUST00290,delivery,20.11
b3fc71e6,CUST00290,login,85.86
5540c4c0,CUST00291,other,92.48
cb02dd17,CUST00291,other,66.72
6d0beb72,CUST00291,login,104.5
7b52f018,CUST00293,billing,6.31
7d058941,CUST00293,refund,32.09
da744e50,CUST00293,refund,113.07
9dadaaf6,CUST00294,refund,40.79
3f4e4a2b,CUST00294,login,57.97
8295818b,CUST00295,other,112.88
7347d5e2,CUST00297,refund,34.03
8c1a7cee,CUST00298,delivery,36.16
481723bc,CUST00298,delivery,103.84
7f964cb9,CUST00298,billing,49.49
acdc46e3,CUST00298,refund,5.02
3c6ce32b,CUST00299,refund,83.76
fa117bc1,CUST00299,login,85.16
e4b682de,CUST00299,technical,26.15
be1d0f63,CUST00301,refund,113.83
e83391b1,CUST00301,other,70.33
cbb29ab1,CUST00301,billing,93.31
7d375168,CUST00301,billing,35.34
ac780f1d,CUST00302,billing,69.67
8e0b17b3,CUST00302,login,77.63
7a68690c,CUST00305,billing,42.24
e0a755aa,CUST00305,login,60.88
4e887e4e,CUST00307,delivery,29.42
14512de1,CUST00309,technical,104.45
5d75cf9f,CUST00310,login,11.19
0045aecf,CUST00310,billing,87.35
fd09cd76,CUST00311,other,68.43
f1b0b8d3,CUST00311,other,83.49
c262f478,CUST00311,billing,80.81
069d61d4,CUST00312,refund,97.05
f9fbc6a3,CUST00313,technical,65.98
3d1e5c45,CUST00313,login,66.58
18b41ad2,CUST00313,delivery,42.51
4a517110,CUST00313,billing,13.58
f46ec78b,CUST00314,login,91.61
5ccc3562,CUST00314,login,119.23
0331c354,CUST00315,other,58.78
13506792,CUST00315,billing,97.84
27070985,CUST00316,other,61.07
b5e89e40,CUST00317,billing,95.26
6cc7320e,CUST00317,login,43.77
596a8f4a,CUST00318,login,15.89
cde3738a,CUST00318,other,89.59
44a9e852,CUST00318,other,74.91
c40ede9d,CUST00318,technical,2.43
d0bac666,CUST00319,other,23.01
8a994641,CUST00320,other,77.29
49440a71,CUST00321,billing,11.54
5b58d99e,CUST00321,other,1.53
ae19806f,CUST00322,other,45.91
1af0af68,CUST00322,technical,8.28
5f242426,CUST00322,other,118.04
61828b5b,CUST00322,technical,17.84
5a648ab5,CUST00323,technical,21.68
7f0944b3,CUST00323,technical,59.98
6dca5ec6,CUST00323,delivery,92.33
3eb196d6,CUST00323,login,21.78
06fab4ed,CUST00324,delivery,60.02
cd041c93,CUST00324,technical,12.53
94b2e207,CUST00324,technical,52.34
77fcab78,CUST00324,login,114.31
bbd67fe2,CUST00325,refund,110.37
a44187cd,CUST00326,delivery,37.84
6d77a1ed,CUST00327,billing,43.65
abadcbce,CUST00327,delivery,44.49
06f2fc38,CUST00327,technical,105.91
1fe52450,CUST00328,delivery,18.75
659d53d2,CUST00328,delivery,53.71
61e35b3c,CUST00328,billing,113.82
471b181d,CUST00330,billing,118.84
c4c18824,CUST00330,delivery,4.65
73bb0410,CUST00331,login,5.86
cdf594a3,CUST00332,billing,51.66
9a935093,CUST00332,technical,102.18
a943a413,CUST00334,refund,69.98
2add2f6d,CUST00334,refund,7.1
3915775f,CUST00334,billing,26.49
6b28b469,CUST00335,other,68.97
c7649737,CUST00335,delivery,34.82
d853f369,CUST00335,other,39.01
f8d80631,CUST00336,refund,91.4
10233abd,CUST00336,refund,21.36
38219d81,CUST00337,billing,84.6
051cb724,CUST00337,technical,102.41
0775f236,CUST00337,other,115.01
506ea090,CUST00337,technical,58.07
6622923e,CUST00338,refund,20.74
524ac609,CUST00338,refund,94.69
b023b329,CUST00338,technical,98.57
a9a5885b,CUST00338,other,87.79
e4feb572,CUST00340,refund,10.77
4ff3e4f4,CUST00340,login,56.25
d0d72544,CUST00341,refund,116.73
8e527baa,CUST00342,technical,68.44
77014530,CUST00342,other,85.3
0539e37b,CUST00342,delivery,98.97
0f009584,CUST00343,other,119.31
ae84579b,CUST00343,technical,105.9
dcd31b51,CUST00343,refund,33.62
26958d5f,CUST00345,refund,25.91
3fd1b420,CUST00345,delivery,49.6
ce634382,CUST00345,refund,38.34
82f88472,CUST00346,delivery,28.62
0c3dfff7,CUST00347,billing,22.77
b371b462,CUST00347,login,11.39
a2b10d48,CUST00349,login,23.82
f8ad3102,CUST00350,other,5.53
66a54764,CUST00350,login,116.89
28cf3fcf,CUST00350,technical,97.31
777824c8,CUST00350,other,51.46
fc9cec11,CUST00351,delivery,70.04
2ab57968,CUST00352,technical,117.01
215aafb7,CUST00352,other,0.25
262e724c,CUST00353,billing,45.64
b8ee1463,CUST00355,other,103.03
1ea74a5d,CUST00355,refund,92.66
fa5204d9,CUST00356,login,69.78
6a219205,CUST00356,technical,99.46
d9dad175,CUST00356,billing,66.84
181b8673,CUST00356,login,87.85
4e23e4d9,CUST00357,other,72.8
9fc56c40,CUST00357,other,30.49
ffacc24f,CUST00357,refund,66.02
5a11a2cd,CUST00357,technical,15.6
eb105d4c,CUST00359,billing,83.61
d9004ea5,CUST00359,billing,103.31
1470251b,CUST00359,delivery,26.05
00864ed0,CUST00359,login,86.22
3c738871,CUST00360,billing,100.76
90e05cad,CUST00361,refund,68.57
d3bf59d7,CUST00362,billing,52.43
b2e24bcd,CUST00363,billing,84.45
29795d9f,CUST00364,other,44.48
93cdeb60,CUST00364,technical,6.45
356c8a17,CUST00364,refund,9.59
42f56ac9,CUST00365,refund,83.84
52552df5,CUST00365,refund,2.32
d2e1c7f3,CUST00365,refund,89.72
bb1e13a9,CUST00366,other,112.29
a2e6ffc6,CUST00367,login,49.06
9e49b4a8,CUST00368,delivery,27.16
3e97aa2d,CUST00368,technical,0.7
d27fcee8,CUST00369,login,82.68
ad758d31,CUST00369,refund,109.12
bc416b20,CUST00369,technical,76.06
e6d83312,CUST00371,billing,75.53
b2ca2838,CUST00372,refund,14.76
15fe2ce2,CUST00373,delivery,88.03
66cffac7,CUST00373,other,10.37
d5f112cb,CUST00373,refund,5.79
f70eac20,CUST00374,delivery,65.8
31604cd1,CUST00374,refund,113.47
12046a0f,CUST00374,delivery,111.49
0d14fbb9,CUST00375,refund,109.97
8a195d9c,CUST00376,billing,59.43
febac8d6,CUST00376,technical,25.71
a68d0a32,CUST00376,technical,28.74
c1e5b1bc,CUST00376,refund,16.04
4ccff263,CUST00377,billing,80.75
349e9a5c,CUST00377,other,104.38
a332b5f7,CUST00377,delivery,89.63
047db593,CUST00377,other,11.14
f6842a46,CUST00378,other,58.81
d3a2da52,CUST00378,other,55.4
8df1f005,CUST00378,refund,43.46
9a8c430e,CUST00380,delivery,113.23
303381f5,CUST00380,technical,79.57
c17a737e,CUST00381,billing,53.61
40ed7904,CUST00382,billing,38.2
718171d0,CUST00382,refund,92.46
855295fd,CUST00383,delivery,83.63
a336d03c,CUST00384,other,64.96
c276b69c,CUST00384,technical,102.0
42a646d1,CUST00384,login,116.04
d774d161,CUST00384,login,24.2
97bcef62,CUST00385,delivery,11.07
443479da,CUST00385,delivery,1.28
b4704649,CUST00385,refund,54.86
94c3dc81,CUST00386,refund,39.03
c69cc52d,CUST00386,delivery,90.59
5bc46b47,CUST00388,billing,50.15
897e97c8,CUST00389,technical,35.67
ebdb0e4a,CUST00389,other,63.09
5748c577,CUST00390,delivery,8.89
bf5af72f,CUST00391,other,20.44
9b199dde,CUST00391,delivery,57.46
8633381e,CUST00393,billing,86.32
a6cfb8b8,CUST00394,refund,3.43
99412906,CUST00394,technical,20.41
2a4b529d,CUST00394,login,49.29
65adc746,CUST00394,technical,108.29
6998e3fb,CUST00395,technical,29.05
dcc4d380,CUST00395,refund,112.13
6a89da2b,CUST00395,login,54.55
895f7262,CUST00395,delivery,75.15
d728f4cd,CUST00396,technical,93.17
a348d232,CUST00396,other,50.59
d31fc44d,CUST00396,delivery,86.42
98f071da,CUST00396,other,83.83
3579b5c9,CUST00397,technical,23.02
aa9bb88b,CUST00397,refund,78.67
9398d6cc,CUST00398,delivery,119.85
7b2736ea,CUST00398,refund,22.5
d2b9a615,CUST00399,login,22.15
e52205d0,CUST00399,billing,21.79
b1fd4d9d,CUST00399,other,112.36
dc11ddbe,CUST00401,login,29.95
e9c4bf9a,CUST00401,other,75.02
fa137b07,CUST00402,billing,45.09
545ccfff,CUST00403,refund,55.93
adff1c1b,CUST00403,delivery,22.85
80a933f5,CUST00403,delivery,75.32
613eafb1,CUST00404,other,28.19
be736a12,CUST00405,delivery,82.62
7d5cd289,CUST00406,other,91.98
4cd92510,CUST00406,delivery,17.91
36c2d6dc,CUST00406,technical,37.37
0242b85f,CUST00407,other,4.22
f5e47931,CUST00407,billing,108.64
e7e87b8a,CUST00407,refund,79.74
6783bdac,CUST00407,login,20.98
323df1e7,CUST00408,billing,11.61
f0f899f2,CUST00408,technical,102.95
68694d49,CUST00409,billing,22.25
5867ddfe,CUST00410,delivery,20.54
acd05a38,CUST00410,other,71.8
12530153,CUST00410,other,89.88
34510a3c,CUST00411,login,99.89
c931c3b6,CUST00411,other,114.26
2278e613,CUST00411,billing,88.17
a58ed341,CUST00412,other,40.78
6838506b,CUST00412,login,20.28
3ec06299,CUST00412,technical,18.57
82b5864e,CUST00413,other,101.09
423232a1,CUST00413,billing,70.68
242af75e,CUST00413,technical,113.29
11220a23,CUST00413,other,68.74
557a6b5c,CUST00415,delivery,86.11
64754cb9,CUST00415,login,10.08
78959c7b,CUST00415,refund,52.24
9f4d66c3,CUST00416,other,21.81
52d5a923,CUST00417,login,41.85
e55c24f7,CUST00417,technical,68.05
db9cd9a2,CUST00417,billing,41.75
902010fd,CUST00417,technical,64.75
976a56a4,CUST00419,technical,58.09
c24d0978,CUST00419,delivery,18.37
fec6b36e,CUST00420,other,64.26
b734ff11,CUST00420,login,24.16
7745811a,CUST00421,login,26.37
4d27b3f2,CUST00421,login,94.49
dc2e0b39,CUST00421,refund,94.21
63589bb7,CUST00422,other,55.97
aafd7314,CUST00423,other,117.77
a7957b93,CUST00423,billing,91.1
fade844a,CUST00423,refund,35.06
c694d4fe,CUST00423,delivery,50.71
76a7c4fb,CUST00424,refund,99.64
2c42a1bf,CUST00424,login,106.77
e41ecdbf,CUST00424,other,34.62
9ea10a6f,CUST00425,login,88.78
34663626,CUST00425,login,3.8
4f37adfe,CUST00425,delivery,71.69
d30656f2,CUST00425,refund,26.64
14f13007,CUST00427,billing,55.08
da0261fa,CUST00428,delivery,97.86
fa678958,CUST00428,delivery,65.47
d76e76fc,CUST00428,technical,59.03
30afb359,CUST00430,delivery,104.24
43d06d26,CUST00432,login,52.27
7fd10c2a,CUST00433,other,44.09
8548988b,CUST00433,delivery,22.97
801368b1,CUST00434,billing,8.65
c4cbd907,CUST00434,technical,71.76
d23bff14,CUST00434,billing,18.55
2868b072,CUST00435,login,98.35
a82caa10,CUST00437,other,25.55
50b1fd8e,CUST00437,delivery,7.93
a6a3ab48,CUST00437,delivery,60.39
1790c51b,CUST00438,delivery,39.81
e2db83c8,CUST00438,billing,10.14
d4e15776,CUST00438,other,39.13
f0b50109,CUST00439,delivery,81.09
8819ff81,CUST00442,delivery,69.13
0cda3a94,CUST00442,login,17.12
ef871000,CUST00442,login,9.18
d5875804,CUST00446,delivery,21.01
23ac28a2,CUST00446,login,5.48
44399c65,CUST00446,login,70.72
ec14ec53,CUST00446,other,113.56
b0163f4f,CUST00447,refund,40.49
457cd70b,CUST00447,billing,18.82
309c1a03,CUST00447,refund,67.56
dd618011,CUST00448,refund,27.37
5e34585f,CUST00448,login,19.32
8b71a27a,CUST00448,refund,105.53
62bbad8a,CUST00448,refund,107.24
4d9e88f9,CUST00449,delivery,26.12
6c79169c,CUST00449,refund,72.27
77e46730,CUST00450,refund,108.65
3b6d3f2a,CUST00450,other,92.8
5cb8efc2,CUST00450,login,34.77
f4a304d8,CUST00450,delivery,46.88
b389caf2,CUST00451,refund,9.91
551247b6,CUST00451,delivery,36.13
6214ac54,CUST00451,technical,94.12
a0d1fabd,CUST00451,billing,50.95
e86efa16,CUST00452,refund,88.94
f83f450d,CUST00453,login,30.41
d53fb5ba,CUST00453,technical,24.86
d857de1a,CUST00453,billing,42.31
81cf0321,CUST00453,refund,7.96
62a2796e,CUST00456,login,119.5
854659ec,CUST00457,login,15.37
0342397b,CUST00457,login,15.39
28e1e3eb,CUST00457,login,6.51
d75321ac,CUST00458,delivery,110.66
d315e622,CUST00459,technical,70.96
587dd51d,CUST00459,other,31.64
de03ed43,CUST00459,technical,94.38
e3bdf7d0,CUST00461,other,72.59
02b19e93,CUST00461,login,27.34
f48f1e8d,CUST00462,login,57.91
f0ae32f1,CUST00462,login,99.98
1b742fe1,CUST00463,delivery,31.85
95061ba5,CUST00463,other,117.66
7748a148,CUST00464,technical,66.6
48d4c5fe,CUST00465,login,87.16
42bc53a8,CUST00465,login,3.77
cd14376e,CUST00465,billing,39.84
0461a114,CUST00465,delivery,72.9
c119bfeb,CUST00466,refund,82.06
73d9e792,CUST00468,delivery,71.5
e4d784a1,CUST00468,technical,69.24
2874aeac,CUST00470,login,104.04
72bcf74f,CUST00470,delivery,34.61
a59aba72,CUST00472,refund,42.42
937edeae,CUST00472,other,94.99
6a3cc721,CUST00472,billing,30.04
9f5989da,CUST00473,other,111.99
8f25febd,CUST00474,other,115.55
c2b775d9,CUST00474,delivery,115.56
d10594a0,CUST00476,login,20.29
5937f4e3,CUST00476,other,4.61
b840392d,CUST00476,refund,33.3
0fb54bd8,CUST00480,delivery,54.53
de5422d9,CUST00480,delivery,33.7
8c1c159d,CUST00482,technical,65.93
04ceb589,CUST00482,technical,84.01
4115a459,CUST00482,technical,112.11
5cbcfe1d,CUST00482,technical,36.36
4681d618,CUST00483,login,17.71
0408841b,CUST00484,refund,73.69
273ddfcc,CUST00484,other,33.11
bef1ec8a,CUST00486,refund,0.71
80d799b4,CUST00486,other,80.89
e728092a,CUST00487,delivery,14.57
4da37348,CUST00487,delivery,44.19
1f87c217,CUST00487,technical,119.37
2eeb19c3,CUST00490,login,110.19
ab7cec70,CUST00491,login,57.66
484ac7d1,CUST00492,login,94.7
10974c67,CUST00492,refund,92.65
a4d16719,CUST00494,login,95.02
473212e1,CUST00494,billing,68.85
3cf6bec4,CUST00494,refund,93.53
c14f451d,CUST00495,billing,60.21
6e53a02c,CUST00495,technical,56.99
319a2b60,CUST00495,login,112.97
f21d7ab1,CUST00496,delivery,75.98
f2c05dc9,CUST00497,technical,80.19
ec9cc6a1,CUST00498,other,9.53
dc546035,CUST00500,login,110.55
1acd3202,CUST00501,other,49.21
af1bbc9f,CUST00501,refund,94.48
e506da08,CUST00501,refund,101.63
dc20e768,CUST00501,billing,59.26
50b894ee,CUST00502,other,108.2
ff1271e9,CUST00502,refund,22.45
1e0e54e1,CUST00502,other,79.22
bf99661e,CUST00503,billing,102.05
2385c7f1,CUST00504,delivery,8.84
f407241c,CUST00504,refund,88.75
ecd7d353,CUST00505,refund,90.91
0747441b,CUST00505,refund,68.95
a8793bb6,CUST00505,billing,7.11
f158f0ac,CUST00505,billing,41.91
53b5d7eb,CUST00506,technical,117.09
2177253f,CUST00506,billing,31.34
ed1f2cbe,CUST00507,billing,4.52
4d293070,CUST00507,refund,89.94
83556f70,CUST00508,billing,90.86
7f08b4bc,CUST00508,refund,2.74
df726f73,CUST00509,login,64.6
003bfc8d,CUST00509,login,38.63
91c0c735,CUST00509,refund,82.94
3cc1c48d,CUST00509,delivery,111.16
f070adb2,CUST00510,refund,73.37
210da6dc,CUST00510,refund,38.21
5223bc4b,CUST00510,delivery,39.27
e9ad31ce,CUST00510,refund,22.85
46f05ab5,CUST00511,technical,90.17
10124d38,CUST00511,billing,39.01
8eaf1b97,CUST00511,technical,107.12
ff699f54,CUST00512,technical,15.27
a6a7d0c3,CUST00512,delivery,35.39
c3783b02,CUST00513,delivery,84.8
f89c2893,CUST00513,login,98.81
c0db60cc,CUST00513,refund,21.81
9ead6011,CUST00513,delivery,108.29
2a8e51fb,CUST00515,login,24.04
c98cf9f2,CUST00515,login,14.02
132e2963,CUST00515,technical,114.89
a27ed4ec,CUST00515,delivery,104.13
933f7368,CUST00516,other,81.37
a282426d,CUST00516,other,28.49
1367a524,CUST00516,login,23.8
c2b2d427,CUST00517,delivery,97.41
4a45fe8f,CUST00517,billing,99.52
a4edbd41,CUST00517,refund,79.88
9b614ac9,CUST00517,technical,16.65
838d4056,CUST00518,login,72.36
a047e519,CUST00518,refund,60.47
5f8dfae3,CUST00519,refund,94.69
ba6a7782,CUST00520,delivery,41.84
ce5e29f4,CUST00521,delivery,65.64
fc8844ef,CUST00522,billing,1.83
2c776e7d,CUST00524,other,105.57
3bd72b48,CUST00524,billing,44.67
80ce595c,CUST00524,other,19.88
f4bab59d,CUST00525,technical,35.01
f92a7dba,CUST00525,other,113.11
22ddb7d3,CUST00525,refund,42.55
85904103,CUST00526,refund,94.3
1a5a80da,CUST00526,login,30.26
cc4ae8be,CUST00526,technical,103.7
d34fe488,CUST00526,delivery,68.47
34f8cb30,CUST00527,billing,115.74
9d8afca4,CUST00527,delivery,90.11
cab14d11,CUST00528,technical,2.06
d593b2ab,CUST00529,other,62.16
0e2e2d36,CUST00529,billing,105.52
aca036c6,CUST00529,refund,27.67
d6d9b871,CUST00531,refund,104.38
a3ae42b1,CUST00531,technical,26.66
f8808d8d,CUST00531,technical,105.61
67766094,CUST00531,other,12.81
65d2e114,CUST00532,other,58.94
8338876d,CUST00532,delivery,15.78
b03e1e3a,CUST00532,refund,25.63
4ebe3a47,CUST00534,billing,18.69
3d5a943c,CUST00534,technical,41.92
e33066df,CUST00534,login,75.99
f41bd1b7,CUST00534,billing,28.8
6afd5ee6,CUST00536,other,71.08
29bf52af,CUST00536,technical,67.18
943ba0dc,CUST00537,refund,89.14
88f0a339,CUST00537,other,113.18
63264494,CUST00537,billing,68.57
1b6d5619,CUST00537,delivery,102.03
0f5ce3e0,CUST00539,delivery,41.58
480c3b50,CUST00539,billing,47.31
a5af0c62,CUST00539,other,4.36
873ece42,CUST00539,other,35.04
3b084022,CUST00541,billing,60.25
4ed53ef3,CUST00542,delivery,55.02
23168853,CUST00542,refund,112.87
dbd5b4d1,CUST00542,billing,76.38
992fcb8f,CUST00542,billing,94.73
64a6e943,CUST00544,other,98.21
1633c3a8,CUST00544,refund,99.88
cdc909c4,CUST00544,other,80.0
f5cb5f5a,CUST00544,delivery,75.64
22401d6b,CUST00545,technical,84.32
7b52cc70,CUST00545,technical,39.02
adc2c6ff,CUST00545,other,111.75
f75bbaf6,CUST00546,billing,72.93
90a014d7,CUST00547,technical,29.27
4bbd594a,CUST00548,login,104.83
19829899,CUST00548,other,33.51
9ea76a98,CUST00548,login,108.48
9d54c120,CUST00549,billing,117.76
c8cc47de,CUST00549,other,89.44
8e3fd0be,CUST00549,refund,20.84
1efc49ad,CUST00550,refund,7.09
0b249e12,CUST00550,billing,55.5
bd53a988,CUST00550,refund,41.25
a957b7e6,CUST00550,login,117.01
222cd79d,CUST00551,delivery,60.91
1b624323,CUST00551,login,87.7
7b290919,CUST00551,login,28.23
f7385087,CUST00552,billing,93.53
a304dc41,CUST00552,billing,100.11
06e02c44,CUST00552,delivery,25.86
e9a77170,CUST00553,login,100.98
cb14ccc8,CUST00553,refund,30.74
e474be5e,CUST00553,refund,13.91
693e6a6b,CUST00553,billing,77.12
be2a0f2e,CUST00554,technical,95.94
eadc871d,CUST00555,technical,74.32
9b0a6d7a,CUST00556,refund,14.75
6b97ce99,CUST00556,login,119.64
3545e65c,CUST00556,refund,98.02
2dbcac08,CUST00556,login,42.42
ad4448b9,CUST00557,technical,48.17
70d67f54,CUST00557,other,72.82
fe212b91,CUST00557,technical,109.19
bf0db794,CUST00558,technical,47.27
f5e50558,CUST00558,refund,91.63
9f0190ee,CUST00558,refund,52.51
512219fd,CUST00559,login,84.32
83211ef7,CUST00559,refund,42.41
1735c36a,CUST00559,technical,83.57
f59375f9,CUST00560,login,54.02
9956df7c,CUST00561,refund,97.84
25fa8b58,CUST00561,billing,55.14
e06d5380,CUST00561,delivery,23.54
b36737dc,CUST00561,technical,87.7
e3953e72,CUST00562,other,81.73
064da007,CUST00562,delivery,26.02
e193a0b1,CUST00562,refund,112.82
99c4ad80,CUST00563,login,4.92
7d37167b,CUST00563,login,118.36
74e5d09e,CUST00564,login,88.45
b999487e,CUST00565,login,8.17
8d06afda,CUST00565,technical,27.32
57d28ae2,CUST00565,billing,43.21
4f120c48,CUST00565,technical,89.73
b1d04eda,CUST00566,technical,109.28
b9e38397,CUST00566,billing,33.85
0f9da5c7,CUST00567,delivery,18.08
ae37fbc6,CUST00567,technical,112.77
72263bf1,CUST00567,refund,103.69
17d25640,CUST00567,billing,47.0
eab1cdab,CUST00568,refund,56.67
1bf3372b,CUST00568,billing,109.14
941e2933,CUST00568,technical,14.33
eba0ea56,CUST00568,delivery,54.83
1edfaab8,CUST00570,technical,28.88
16a8ceb3,CUST00570,login,25.39
4ee85057,CUST00570,login,47.99
4f5f23ec,CUST00570,login,70.33
3b3e2b84,CUST00571,other,41.64
0aec1e0f,CUST00571,refund,70.15
79765a85,CUST00572,billing,39.32
a88e2507,CUST00573,refund,3.23
6eac417c,CUST00573,login,79.36
bfb38b63,CUST00573,technical,97.97
aa0ded1c,CUST00573,delivery,87.71
441f8c38,CUST00574,billing,68.88
f4981fd0,CUST00575,delivery,114.92
c1a7d327,CUST00575,refund,14.14
ee726839,CUST00576,other,65.22
b9aba188,CUST00576,delivery,107.44
27151a58,CUST00576,technical,73.46
e075ba78,CUST00577,delivery,56.26
f98f7750,CUST00577,login,80.26
0d39a97e,CUST00577,refund,85.37
e5e4b6c5,CUST00578,technical,6.39
212d8f7e,CUST00578,delivery,81.52
61027422,CUST00578,refund,45.65
7ff43945,CUST00579,technical,6.72
4021ca0b,CUST00580,technical,94.14
ad45a7de,CUST00580,login,89.6
d39d3138,CUST00580,billing,31.18
90cce5d9,CUST00581,billing,79.36
a299b69a,CUST00581,login,41.4
24a9cc2f,CUST00581,billing,57.16
026611b3,CUST00581,login,2.5
42b91a2a,CUST00582,delivery,119.18
70e7ebb3,CUST00582,login,25.76
1e83f4a3,CUST00582,login,10.14
23a1e8f6,CUST00583,other,19.08
c153f0da,CUST00584,other,74.89
6ed82b01,CUST00584,technical,6.68
a4093495,CUST00584,refund,107.17
b3d4426a,CUST00584,login,72.2
12ad0f74,CUST00585,billing,85.19
4faa3bd3,CUST00586,login,86.3
1119a402,CUST00586,delivery,39.89
24b372b1,CUST00586,other,92.98
9e8d5dc3,CUST00586,other,106.85
d0d6ab9e,CUST00588,other,51.86
849e972f,CUST00588,delivery,28.09
f33b1165,CUST00588,delivery,7.2
067ce7cf,CUST00589,refund,28.41
6c330107,CUST00590,technical,57.16
cb6d82b2,CUST00590,billing,40.9
ca3b0184,CUST00590,refund,119.88
a4728a07,CUST00590,other,114.09
bab24fa4,CUST00591,other,16.05
a6a827f4,CUST00591,refund,116.4
89ef6f48,CUST00592,technical,49.58
b0d55f09,CUST00592,login,105.0
4c700c84,CUST00592,technical,4.88
28dae885,CUST00592,refund,3.29
fedc2732,CUST00593,billing,109.08
99e95bd6,CUST00594,refund,76.64
bfc1ffa6,CUST00594,refund,37.23
f3012e4c,CUST00594,delivery,13.31
d5d36079,CUST00596,other,11.24
c4cf9068,CUST00596,refund,99.23
2fef139a,CUST00597,login,42.23
114fb291,CUST00597,other,91.11
d3c9e44a,CUST00597,delivery,43.34
c7e25ef0,CUST00598,login,77.49
9cf6dde6,CUST00598,billing,90.58
2625ab45,CUST00599,login,43.78
1b465aa9,CUST00599,other,73.06
675bd5a3,CUST00599,login,109.46
e4695e18,CUST00600,other,115.71
7e66736d,CUST00600,login,87.38
729a1448,CUST00600,other,89.22
69435c38,CUST00601,login,117.53
503a5703,CUST00602,refund,107.08
9dcdd084,CUST00602,technical,24.29
b8edef7a,CUST00602,technical,92.89
4db03b12,CUST00603,other,80.36
db3b4481,CUST00603,other,2.01
3b2a7536,CUST00603,other,55.72
ac9f75ea,CUST00603,other,109.3
784c9183,CUST00604,delivery,62.53
1ab58f45,CUST00604,delivery,85.02
38874b17,CUST00605,refund,119.19
a5490690,CUST00605,technical,101.41
a4289623,CUST00605,delivery,66.89
7ca0cddd,CUST00606,technical,81.31
6baca9f1,CUST00606,technical,82.79
6a08beaa,CUST00607,refund,40.59
2a933bab,CUST00607,refund,100.5
9e326d23,CUST00608,refund,17.42
8363cd25,CUST00608,billing,7.71
78856054,CUST00608,technical,114.29
9638536e,CUST00609,delivery,13.64
8a5f65bb,CUST00610,refund,97.57
ddf4d606,CUST00610,refund,4.62
b03c3723,CUST00610,refund,34.63
76a1d8f2,CUST00610,refund,4.23
4ec1756b,CUST00613,delivery,48.55
4e6b1c84,CUST00613,delivery,36.19
4cbeb215,CUST00614,other,105.05
21bdaa3d,CUST00614,other,60.0
1e775149,CUST00614,login,32.03
b51e3795,CUST00614,billing,33.73
c05009db,CUST00615,technical,55.98
0a2a6481,CUST00615,login,59.11
b1ee185d,CUST00616,other,76.13
1372c4fe,CUST00616,login,49.31
d85310ea,CUST00616,refund,85.71
cfa90222,CUST00618,refund,87.53
4233d24b,CUST00618,other,4.18
4a33ffb4,CUST00618,technical,33.95
9a92e9f7,CUST00619,delivery,17.58
09c89577,CUST00619,refund,21.7
88da642f,CUST00619,login,106.1
4457bd02,CUST00620,delivery,82.2
2fff9595,CUST00620,login,58.3
f18d637a,CUST00620,delivery,82.98
02b43d0c,CUST00622,delivery,12.7
a3b7faec,CUST00623,refund,54.01
f4ee7284,CUST00625,delivery,54.6
a043c78e,CUST00625,technical,70.9
d931a062,CUST00625,other,111.44
59432f12,CUST00626,billing,106.77
dd7e1770,CUST00627,technical,74.2
7c27fa51,CUST00627,delivery,68.86
6ad15ca4,CUST00627,technical,106.56
0e048e7e,CUST00627,delivery,44.21
1e616f50,CUST00628,technical,113.58
cbfe3c09,CUST00628,technical,100.24
05492b3d,CUST00629,technical,104.04
96f8ecc2,CUST00629,other,109.34
bea39c96,CUST00629,login,111.28
3427efb0,CUST00629,delivery,40.42
29306475,CUST00630,login,102.05
cef37526,CUST00631,login,114.14
10f039d3,CUST00631,login,0.74
e6c717bb,CUST00631,delivery,29.95
3f76ed9d,CUST00632,delivery,100.2
0cb536ca,CUST00632,billing,58.0
bb24a416,CUST00632,billing,23.37
e98e2c4f,CUST00632,login,3.71
b0806c03,CUST00634,login,0.22
d7bc0867,CUST00634,billing,69.35
3bd90d51,CUST00634,billing,103.12
a97fbffc,CUST00635,delivery,39.42
01848c48,CUST00635,billing,5.44
78f25e80,CUST00635,billing,100.04
48e8cd9d,CUST00636,other,2.95
18c71fb2,CUST00636,technical,83.04
fe839aef,CUST00636,billing,110.17
87c412f4,CUST00637,refund,42.96
03bf5f3f,CUST00637,delivery,77.64
3459a6d1,CUST00637,login,119.78
4bb5be57,CUST00638,other,36.69
659ddb38,CUST00638,other,70.48
672b0ebd,CUST00639,delivery,63.95
d5ba1d5f,CUST00639,other,47.91
52c837ee,CUST00639,other,43.18
0f26829b,CUST00639,refund,39.22
629f746c,CUST00640,other,28.23
12d6267b,CUST00640,technical,95.65
bbf81478,CUST00640,other,70.58
941384a3,CUST00643,other,104.88
94504c1d,CUST00645,login,85.21
dea642ac,CUST00645,billing,101.75
1eb8b9fe,CUST00648,billing,95.05
71fc5972,CUST00648,technical,29.85
86306d7a,CUST00649,delivery,23.79
70fe5d8a,CUST00651,other,45.4
45ea8c50,CUST00651,delivery,80.11
1f7f241f,CUST00651,refund,13.63
c7fdfb90,CUST00652,login,42.16
66184e34,CUST00652,billing,87.36
39074edf,CUST00654,technical,82.2
25299756,CUST00654,other,79.48
067a39d8,CUST00655,billing,77.73
b44a7d8c,CUST00656,refund,92.11
86866641,CUST00656,technical,57.31
2d1c7137,CUST00656,billing,6.78
0c811e8f,CUST00656,login,23.0
119eca15,CUST00657,login,25.72
54d401af,CUST00657,technical,61.56
6f553738,CUST00658,delivery,84.13
f6992915,CUST00658,billing,107.74
1f7ce419,CUST00658,billing,49.61
5b5ec16c,CUST00659,delivery,91.71
4344e4e3,CUST00659,billing,102.21
c343b74d,CUST00660,other,83.25
851c6089,CUST00661,delivery,9.63
c104194a,CUST00661,other,91.46
94aba5f6,CUST00661,refund,86.74
096f4c49,CUST00661,delivery,35.94
6bec18c1,CUST00662,technical,103.74
1e7d0479,CUST00663,other,107.31
4239a7ab,CUST00664,delivery,91.15
a56b2b4f,CUST00664,technical,57.63
1047e4fc,CUST00664,refund,30.87
d2e6d537,CUST00665,delivery,78.35
10a922b3,CUST00665,refund,89.19
58a3063d,CUST00666,billing,75.17
37bf8abf,CUST00666,delivery,105.0
40da94e0,CUST00667,billing,108.3
86b48cf1,CUST00667,billing,112.82
c6d0025a,CUST00667,technical,77.98
eb2bc39e,CUST00668,billing,33.7
4beff9a6,CUST00669,other,1.45
ec6f6d22,CUST00669,technical,112.46
166a8276,CUST00669,delivery,57.23
db808c67,CUST00671,delivery,89.59
5086fde9,CUST00671,refund,72.78
8aa36653,CUST00671,refund,102.27
9c6fd2e9,CUST00672,technical,97.01
f319e1ab,CUST00672,delivery,37.57
d12851e3,CUST00673,login,36.32
e4e56b9b,CUST00674,login,71.87
2d64b5d0,CUST00675,technical,78.05
57f8c949,CUST00675,other,104.06
076a551b,CUST00675,delivery,93.16
15ba234c,CUST00676,login,100.74
842ed037,CUST00676,login,8.67
7d22fe8d,CUST00676,login,51.54
7785ca95,CUST00677,technical,1.2
e2bf247e,CUST00677,login,63.25
8ad76faa,CUST00677,technical,69.94
7a9e1cda,CUST00678,delivery,43.36
dba977ae,CUST00679,delivery,0.82
e4b0195d,CUST00679,other,0.42
37090683,CUST00681,billing,41.35
9533deca,CUST00681,refund,67.6
4f21167f,CUST00681,other,48.18
78aed6e0,CUST00685,other,64.97
37b4dbd8,CUST00685,delivery,98.84
a8e71145,CUST00685,login,22.67
ea0f3bd2,CUST00686,other,74.22
6c98e73a,CUST00686,billing,111.46
b02ba034,CUST00686,billing,38.9
f6075bed,CUST00688,delivery,51.68
9195e30b,CUST00689,technical,87.72
417e6a91,CUST00690,other,13.33
214389bd,CUST00690,login,79.1
94e47836,CUST00691,login,76.84
38e1c7a9,CUST00691,delivery,29.79
966d562a,CUST00691,login,61.35
c9da5fb6,CUST00691,other,49.38
16992e55,CUST00692,login,2.97
0a42cc01,CUST00692,login,23.01
e6073a31,CUST00693,delivery,71.89
037f81ec,CUST00693,login,72.58
80138a21,CUST00693,delivery,85.72
af758d8e,CUST00693,technical,48.63
27c44ff6,CUST00694,delivery,26.44
1d9ff05e,CUST00694,billing,76.53
f7b5556d,CUST00694,refund,54.96
dff259a7,CUST00694,other,116.94
69fdf98b,CUST00696,technical,37.35
78cde7bf,CUST00696,delivery,0.89
630913a3,CUST00696,technical,57.29
c800d5e4,CUST00696,delivery,15.06
4a043f4d,CUST00697,other,59.95
c0e31100,CUST00697,refund,50.45
7bcee047,CUST00697,billing,7.18
c578fc2e,CUST00697,refund,81.76
2ae67c8e,CUST00699,billing,94.44
d8c85a3c,CUST00699,billing,101.35
b3f53edc,CUST00700,billing,78.15
6976f881,CUST00700,delivery,18.64
c057692c,CUST00700,refund,114.04
0eac75bb,CUST00700,other,95.57
2c8a7502,CUST00701,other,88.17
f1e7e438,CUST00701,technical,60.29
b9ece88f,CUST00701,login,104.22
96879638,CUST00702,billing,46.39
63ab263b,CUST00702,billing,29.13
7204953d,CUST00702,technical,44.77
f1ec4abd,CUST00702,login,4.38
997d8262,CUST00703,refund,114.37
aff2582d,CUST00703,refund,37.06
b446bcc0,CUST00704,login,119.67
de4c2bfd,CUST00704,technical,33.87
d03f7570,CUST00704,refund,22.65
3ad5f059,CUST00704,other,4.94
1aff40dd,CUST00706,other,116.17
2caef835,CUST00706,refund,108.53
6b6aaac7,CUST00706,technical,3.95
cc2105e7,CUST00707,billing,108.42
7d9c102d,CUST00707,other,41.36
28f4264f,CUST00708,login,14.11
53ce948b,CUST00708,delivery,82.15
335f67f9,CUST00708,technical,33.25
d349c7d4,CUST00711,delivery,118.09
08c80630,CUST00712,billing,91.77
5a6f52b6,CUST00713,login,93.9
0b92cf47,CUST00713,other,67.15
8c47ca96,CUST00714,technical,90.96
b162b78f,CUST00714,billing,3.27
f3adbadd,CUST00714,billing,78.47
a7df2dfe,CUST00715,other,66.76
72e57a6d,CUST00715,refund,91.81
aba2af20,CUST00715,billing,91.6
93e3d114,CUST00715,billing,87.81
5193d791,CUST00716,technical,111.16
ac1f4c5f,CUST00716,login,12.81
3794daea,CUST00717,other,80.55
504d2d88,CUST00717,other,114.19
cf3437f5,CUST00717,technical,54.62
a7e40a71,CUST00718,login,98.93
f3e8d35c,CUST00718,refund,42.46
681442cc,CUST00718,login,83.6
56076a55,CUST00718,billing,103.24
4265e7a8,CUST00719,billing,91.11
d28d0ddf,CUST00719,other,24.86
166f4b06,CUST00720,refund,47.28
3aade059,CUST00720,delivery,65.79
06e16e0b,CUST00720,refund,29.85
2be3814b,CUST00720,delivery,0.83
cdbe8566,CUST00721,technical,71.81
045bc2df,CUST00721,other,90.09
d8197d29,CUST00722,other,91.13
e4b2bea4,CUST00723,billing,71.19
c39c68be,CUST00723,billing,5.61
03a28a19,CUST00723,other,0.16
453fb157,CUST00726,delivery,91.62
7a252489,CUST00726,other,8.51
3a7f92af,CUST00726,other,19.79
fc6bf9eb,CUST00728,other,57.03
3a49c245,CUST00728,delivery,18.19
38fb83e0,CUST00731,login,89.63
03fc34c3,CUST00731,other,44.62
f9e4cb76,CUST00731,delivery,118.89
89c8d5da,CUST00732,billing,48.97
d77cf312,CUST00732,technical,57.2
9a09f9ef,CUST00732,login,111.68
407c5c8e,CUST00733,other,40.64
9684f83f,CUST00734,technical,88.73
088c2d9d,CUST00735,technical,64.52
ff264c5d,CUST00735,login,82.0
069cb87f,CUST00735,delivery,13.56
2d34f7a5,CUST00735,billing,75.35
2140a7ad,CUST00737,delivery,21.5
b6062202,CUST00738,billing,20.57
ca299c43,CUST00738,delivery,61.63
6cd4b948,CUST00738,refund,95.0
f2010b4e,CUST00738,delivery,36.06
29ea3baf,CUST00739,billing,70.54
c3ac3fb0,CUST00739,other,109.09
babb1a93,CUST00739,delivery,94.97
8a3006b5,CUST00740,billing,69.82
e4c6aaad,CUST00741,billing,19.17
09a358ae,CUST00741,other,102.77
b248baf9,CUST00741,technical,36.27
6acbe903,CUST00742,refund,105.45
a95c6260,CUST00742,billing,82.78
4037a977,CUST00742,refund,96.15
dab7bad0,CUST00742,delivery,47.08
0e546047,CUST00744,billing,89.19
98f6de2f,CUST00745,delivery,61.75
11da2e0a,CUST00745,refund,14.76
573607b2,CUST00745,technical,106.36
bf4279a4,CUST00745,login,4.94
5b53b5d2,CUST00747,technical,62.72
de6d65d8,CUST00747,technical,94.41
84d0dce6,CUST00747,login,25.63
eda5baae,CUST00748,technical,101.62
ccfc7dcd,CUST00748,billing,115.84
30018667,CUST00748,technical,56.09
c87644b0,CUST00749,other,68.84
a74bda1b,CUST00749,delivery,118.67
1cd4e132,CUST00749,refund,53.42
57610e0b,CUST00749,billing,93.59
606adb03,CUST00750,billing,84.02
ba207340,CUST00750,other,49.34
dcb2fd4e,CUST00750,billing,70.09
c5bd8e1a,CUST00751,other,99.03
ef17264b,CUST00751,delivery,99.62
8cbdd578,CUST00751,delivery,49.64
969e4980,CUST00752,other,101.64
2c8920c3,CUST00752,login,49.78
015456c6,CUST00752,refund,106.85
c1b18a4e,CUST00753,refund,92.3
1379db0c,CUST00753,refund,15.95
18958859,CUST00753,delivery,77.93
fb3de7e8,CUST00753,delivery,11.7
8f126b55,CUST00754,login,69.75
a6758454,CUST00756,billing,119.59
fa1ff5cd,CUST00756,delivery,88.36
7050db79,CUST00757,login,11.78
34bf8981,CUST00758,login,93.8
8a9e542f,CUST00758,other,21.58
bd142e0b,CUST00758,other,98.0
103ffd74,CUST00758,billing,67.24
1ecd67c0,CUST00759,delivery,3.17
1146f8e0,CUST00760,refund,97.31
e40e278f,CUST00760,other,87.9
dfcae970,CUST00761,billing,91.47
2cf096d2,CUST00761,billing,102.6
f86df829,CUST00761,refund,70.22
22b69578,CUST00761,technical,2.52
0897eb21,CUST00764,other,57.55
4c8dc3a7,CUST00766,billing,85.35
89123028,CUST00766,billing,18.56
a6fcae7e,CUST00766,refund,4.39
727e9843,CUST00766,login,90.39
6150f1ec,CUST00767,billing,93.37
3226801f,CUST00767,other,32.05
a66d3385,CUST00768,refund,83.72
af251fc0,CUST00768,other,110.13
ffef8661,CUST00768,refund,14.28
632d05a8,CUST00769,refund,99.41
bc15f692,CUST00769,billing,107.62
a499e791,CUST00769,billing,8.38
3ab009d4,CUST00770,delivery,97.64
edfc438e,CUST00770,technical,64.59
bf51efb7,CUST00770,refund,6.34
bb36157d,CUST00770,refund,74.87
efff8893,CUST00771,refund,82.77
d7369141,CUST00772,technical,42.52
7c7c1f73,CUST00774,delivery,101.52
02d1e903,CUST00774,refund,49.5
7a8ae200,CUST00774,delivery,49.77
0d06c933,CUST00775,technical,30.91
df9fec0c,CUST00776,refund,35.54
f9fe5a08,CUST00777,billing,30.8
df45ddcf,CUST00778,refund,17.67
3576ab96,CUST00778,login,91.51
c6bd44fa,CUST00778,billing,31.05
060a517a,CUST00778,other,52.48
5293b799,CUST00779,other,89.11
1a247eef,CUST00779,billing,18.93
5b1676cb,CUST00780,refund,81.84
e76749f9,CUST00780,refund,118.33
1c719697,CUST00780,technical,4.53
dc713ce3,CUST00780,billing,53.27
fbfcdb20,CUST00783,billing,77.0
396a7b35,CUST00783,technical,61.88
3ef006f1,CUST00783,technical,34.65
46079cc0,CUST00784,login,33.87
048ec250,CUST00785,delivery,90.4
a96b4e92,CUST00786,technical,14.68
e040378c,CUST00786,technical,38.78
e019b3e4,CUST00786,refund,115.4
80b667ce,CUST00787,billing,78.26
588e90c5,CUST00787,billing,8.22
1a1d4acd,CUST00787,other,28.19
10f6e9c7,CUST00788,billing,63.19
7963b451,CUST00788,delivery,58.22
eecacaac,CUST00788,refund,55.21
fdc2383b,CUST00789,other,44.08
cf34d26c,CUST00792,login,85.83
6ad82de0,CUST00792,delivery,12.66
8da972e5,CUST00792,other,50.23
c3403b86,CUST00793,delivery,112.52
c284fd6f,CUST00793,refund,82.5
6b6c8d9c,CUST00794,billing,109.21
f017e818,CUST00794,login,13.08
dfd5d320,CUST00794,delivery,108.98
a3da2a0a,CUST00794,billing,30.61
06681d0f,CUST00795,refund,100.91
90b4bd1f,CUST00797,refund,59.05
77c01ba6,CUST00797,technical,13.04
5b49010d,CUST00797,login,11.65
4ae02fec,CUST00798,billing,65.84
3db6bbfd,CUST00798,technical,65.5
6d238afa,CUST00799,technical,37.97
6797e5c3,CUST00799,billing,65.56
3aa3a92f,CUST00800,refund,58.79
84412ab6,CUST00801,billing,45.11
9f2c8064,CUST00801,delivery,31.26
644a9ed0,CUST00801,other,38.53
36a232b2,CUST00804,billing,25.45
77e26054,CUST00804,other,92.06
e7e7f97c,CUST00804,delivery,69.99
49b217b6,CUST00805,billing,99.08
aae75684,CUST00805,technical,17.2
82e22971,CUST00805,other,60.87
19c5d8ee,CUST00806,refund,1.49
11e350d5,CUST00807,technical,6.83
f25458b2,CUST00808,delivery,104.0
47c5d8bb,CUST00808,technical,90.58
50723c9a,CUST00809,other,50.76
598c3a02,CUST00809,delivery,111.82
64b8b6f1,CUST00809,other,106.71
e97e0ea7,CUST00809,login,51.66
ec646c9d,CUST00810,delivery,76.61
ec4fadd0,CUST00810,refund,26.65
fd05d756,CUST00810,billing,40.34
36244387,CUST00811,delivery,44.43
420b6624,CUST00812,refund,119.85
57c62880,CUST00812,billing,26.52
3597bd83,CUST00813,delivery,94.71
bc7c8c86,CUST00813,delivery,9.04
1732bded,CUST00813,other,119.81
6b1fcfac,CUST00814,technical,7.06
6d2eaf84,CUST00814,technical,79.77
0d878bcc,CUST00814,refund,8.87
2b63a640,CUST00814,billing,33.89
a64c289b,CUST00816,refund,33.34
b2c5b263,CUST00816,billing,118.69
b4748e95,CUST00816,login,1.94
60ba1047,CUST00816,technical,37.14
d7f2cc4b,CUST00817,login,76.29
b7a3702c,CUST00818,technical,50.81
665620de,CUST00818,delivery,41.11
8da5dee3,CUST00818,technical,24.13
65d168d4,CUST00818,technical,84.71
8a403a08,CUST00820,billing,24.67
12cfa0fa,CUST00820,delivery,69.51
b71ac90a,CUST00820,other,107.69
b0487b4a,CUST00820,delivery,95.64
3227ef3b,CUST00822,billing,90.71
8f65de99,CUST00822,technical,29.41
42b1171a,CUST00822,technical,9.58
096dff44,CUST00822,technical,80.88
d18eeb6c,CUST00824,delivery,75.3
da984ccb,CUST00824,other,49.76
a253df6d,CUST00824,technical,89.6
fc83fa88,CUST00824,billing,68.04
12fda884,CUST00825,refund,23.25
b8e2cd21,CUST00826,refund,102.11
05fb5c53,CUST00826,technical,59.38
60ab5d30,CUST00827,other,43.68
92a906b0,CUST00827,technical,33.01
da9ee304,CUST00827,delivery,4.15
a81361a5,CUST00827,delivery,25.95
558429b7,CUST00828,refund,10.17
3a3c724c,CUST00829,login,83.55
d5cdbf03,CUST00829,billing,27.37
dd393463,CUST00829,technical,92.27
0334fad7,CUST00829,login,27.42
66023df6,CUST00830,other,64.36
9e5afca6,CUST00830,delivery,58.43
1a8c80b0,CUST00831,login,54.96
93b85533,CUST00831,delivery,10.57
be0b5ab4,CUST00832,delivery,9.4
2bd22fc9,CUST00832,billing,109.65
7c76a244,CUST00832,refund,57.36
77606c91,CUST00832,other,70.17
f2bfe31d,CUST00834,delivery,75.18
1c40e371,CUST00834,billing,91.29
23e64aa6,CUST00834,other,26.83
acce73a7,CUST00835,delivery,15.63
383c32e1,CUST00835,other,111.39
14a93869,CUST00835,login,12.71
89348ece,CUST00836,login,64.93
e885c7d6,CUST00836,other,47.41
1397c1a0,CUST00836,other,45.46
b8b9c8f9,CUST00836,refund,37.81
49ab710a,CUST00837,other,3.59
fd56188b,CUST00838,refund,113.92
daf9901c,CUST00838,billing,18.43
bd145053,CUST00838,technical,119.23
24a5badf,CUST00839,refund,1.07
0230a44a,CUST00839,other,89.74
e7bbda36,CUST00841,technical,42.04
0233773c,CUST00841,delivery,82.05
bbd3a1e4,CUST00841,other,46.39
74efd81f,CUST00845,login,80.01
613cee51,CUST00845,other,34.04
26d7a966,CUST00845,login,68.08
a9eed06b,CUST00845,billing,84.58
b300ac3b,CUST00847,other,22.96
d3d3562a,CUST00847,technical,59.36
70671239,CUST00848,delivery,105.53
05694071,CUST00849,delivery,10.41
41866053,CUST00849,technical,13.71
3de12b88,CUST00850,technical,19.68
a734e3c0,CUST00850,refund,38.56
1946d97e,CUST00850,billing,53.88
c641a6f3,CUST00850,other,85.75
d49f3fec,CUST00851,login,93.2
d47c5571,CUST00852,login,40.73
54b063c0,CUST00853,delivery,39.28
f2c6d8ac,CUST00853,other,58.15
d5d404b4,CUST00854,other,119.45
cf33ed62,CUST00854,refund,15.69
b79fa950,CUST00857,billing,14.99
af08d254,CUST00859,delivery,24.77
63d0e29b,CUST00859,billing,117.82
3ed7a5cc,CUST00861,refund,113.57
55899eff,CUST00861,technical,70.91
71718ba5,CUST00861,refund,110.57
9323f5c9,CUST00861,refund,41.82
af3d8077,CUST00862,refund,66.2
04dc75ca,CUST00862,other,93.74
6d6ce0fb,CUST00862,billing,45.81
a1db394c,CUST00863,technical,77.9
aecdffb9,CUST00865,billing,85.49
0e207722,CUST00865,technical,98.17
d0831e44,CUST00865,delivery,9.09
70b45951,CUST00866,delivery,20.08
cdf0c67a,CUST00866,delivery,46.1
4f076932,CUST00866,technical,88.57
40d273e9,CUST00866,technical,40.37
4735c884,CUST00867,other,96.33
531d1af0,CUST00867,other,64.0
f797471a,CUST00867,technical,29.94
adef3272,CUST00868,billing,42.09
d8b2cc10,CUST00868,login,10.49
868de408,CUST00869,billing,108.14
b86ae52a,CUST00869,delivery,54.55
f987d899,CUST00869,other,119.12
19c38173,CUST00870,login,15.58
82411055,CUST00870,login,79.72
1f35bfd2,CUST00870,technical,96.38
d5366623,CUST00870,refund,69.31
84987274,CUST00871,delivery,62.09
999e73b1,CUST00872,refund,101.5
e0108060,CUST00872,other,20.04
f8b9b789,CUST00872,login,26.79
ae0c6ba1,CUST00873,other,30.39
14602b0c,CUST00875,refund,112.8
b23f6ca8,CUST00875,other,75.83
d1ce5199,CUST00875,delivery,16.82
b50eef3f,CUST00876,login,48.28
c00622b8,CUST00877,login,46.75
cb6e0264,CUST00877,refund,95.04
2117d96f,CUST00877,refund,101.25
3e00df9f,CUST00879,delivery,56.58
99a266ca,CUST00879,login,8.88
881e34e1,CUST00879,login,115.92
dd5566a7,CUST00880,login,41.96
fb02094a,CUST00882,billing,9.33
961ec2f6,CUST00882,billing,25.79
03a7a3fb,CUST00883,technical,8.62
2ac13c10,CUST00883,refund,73.79
47f292bb,CUST00883,delivery,55.18
9c322b42,CUST00883,delivery,90.38
a1b8bf32,CUST00884,refund,46.77
41589a0c,CUST00884,refund,13.39
99973ad9,CUST00886,technical,66.19
1b538ec7,CUST00886,billing,13.83
1cd1a111,CUST00886,delivery,62.14
3ed6a639,CUST00886,technical,99.94
43a1435e,CUST00887,delivery,46.3
58ed0c48,CUST00887,refund,67.22
2b90d85d,CUST00888,delivery,34.3
0ba5b190,CUST00888,other,23.21
c464fdc9,CUST00891,billing,93.04
8b7a9cee,CUST00891,login,52.01
317b2b49,CUST00891,other,19.5
fa6b9097,CUST00892,billing,45.25
d561f75e,CUST00892,delivery,8.84
009e2f3d,CUST00892,technical,0.37
21983166,CUST00892,technical,67.48
a1ebf445,CUST00893,login,105.19
3ef891a9,CUST00893,technical,33.08
5d2dc6de,CUST00893,delivery,119.99
4448dfb9,CUST00893,other,66.33
70e6f3b3,CUST00894,other,49.53
72ed6e46,CUST00895,technical,100.54
32b4b808,CUST00896,technical,28.23
11b8d6fd,CUST00896,technical,116.15
56db97f8,CUST00896,delivery,94.44
d88eeb52,CUST00896,billing,66.02
31ab68b0,CUST00897,technical,14.46
1cef9205,CUST00898,refund,117.0
acedb506,CUST00898,billing,76.0
eff74409,CUST00898,delivery,40.52
dcaf0d86,CUST00898,billing,96.78
20950232,CUST00899,other,5.92
96062940,CUST00899,technical,5.48
60f97279,CUST00899,delivery,34.5
1e78896e,CUST00900,billing,72.38
3774e6ff,CUST00901,refund,92.72
6cad67e1,CUST00901,billing,33.64
11ba87c4,CUST00901,login,7.85
4750b637,CUST00903,other,105.5
58bab18c,CUST00904,delivery,65.86
b1833dc2,CUST00904,other,88.68
eeaaedf6,CUST00904,technical,108.68
d9a7f31b,CUST00905,billing,18.21
8c5c8a88,CUST00905,billing,39.21
bb2ea531,CUST00905,other,49.72
cae73560,CUST00905,other,29.56
f243d939,CUST00906,technical,51.32
7381bfc4,CUST00908,technical,47.9
84b1af89,CUST00908,technical,43.72
42601c1d,CUST00908,other,108.12
b56e3f78,CUST00910,delivery,66.89
de0cd2b8,CUST00911,technical,60.29
b823191b,CUST00912,other,25.15
fa2a8f24,CUST00912,refund,113.11
2190bdce,CUST00912,login,86.77
0255c470,CUST00913,technical,21.74
61063ac6,CUST00913,login,4.28
d5b7ff53,CUST00914,technical,100.5
e3af59c6,CUST00914,other,77.03
bcdc7ed5,CUST00914,login,70.8
d98017f4,CUST00914,refund,51.25
16e98f38,CUST00915,refund,79.38
bb85c810,CUST00915,delivery,11.37
94c99041,CUST00915,other,71.87
d097b527,CUST00915,refund,64.97
282ad7f1,CUST00916,login,108.51
625db98c,CUST00916,technical,95.16
bc6b9653,CUST00916,refund,32.79
0ea70518,CUST00916,billing,88.22
51a0849a,CUST00917,billing,92.48
ca36d81a,CUST00917,technical,94.29
d388599b,CUST00917,delivery,37.24
3c0d9b45,CUST00917,billing,4.78
73710773,CUST00918,billing,39.15
ef7be3e9,CUST00918,other,68.62
a0642eac,CUST00919,other,3.68
b11915dc,CUST00919,billing,12.27
ba9b017f,CUST00919,delivery,21.53
514e294d,CUST00919,other,15.54
bcf3caf3,CUST00920,billing,31.45
f4edaa7b,CUST00920,technical,9.5
0857c1dd,CUST00920,delivery,30.83
e114911a,CUST00921,login,45.28
a0e8a68a,CUST00921,technical,2.29
e7500370,CUST00921,delivery,44.18
c022eedd,CUST00922,login,115.64
863a5a3a,CUST00923,technical,73.4
14085bdc,CUST00923,login,51.91
41cef5d0,CUST00924,other,36.12
ab877e5b,CUST00925,refund,20.51
d2757a58,CUST00925,login,94.37
8f816acc,CUST00927,billing,64.49
2454b688,CUST00927,other,2.42
537e3817,CUST00927,refund,104.98
0cb8eee2,CUST00927,login,29.16
e24d3a14,CUST00928,technical,114.99
06063c65,CUST00928,delivery,9.62
70a02b6d,CUST00928,refund,84.55
f1849291,CUST00929,other,101.26
b17d5533,CUST00929,billing,19.22
c74f6a21,CUST00929,refund,62.46
91f6b82b,CUST00930,refund,104.17
86b9e196,CUST00930,other,118.82
ccd9d86d,CUST00931,other,91.04
dcecb008,CUST00931,delivery,118.06
c8e68dea,CUST00932,other,39.34
dc82201c,CUST00932,refund,104.85
b54b9888,CUST00932,billing,18.57
f97445cb,CUST00932,delivery,3.2
b82b3835,CUST00934,billing,76.09
ea9fa170,CUST00934,billing,42.23
e42c0c55,CUST00934,technical,85.59
a13763f2,CUST00934,delivery,54.39
9e2b78ac,CUST00935,refund,116.91
803a0dad,CUST00935,technical,87.07
dcf77a8b,CUST00935,refund,118.15
2e11bc98,CUST00936,login,96.4
7b1caea3,CUST00937,delivery,0.38
11cc0599,CUST00937,login,50.71
bdb32547,CUST00938,login,113.54
69bf92ce,CUST00938,technical,91.0
c1bcebe0,CUST00938,billing,3.31
26fd7166,CUST00939,delivery,18.05
bbe513ec,CUST00939,technical,9.38
a1166a6b,CUST00939,other,45.9
1102f30f,CUST00940,login,35.01
02d26451,CUST00941,billing,77.23
4cb25886,CUST00941,login,9.57
bbfaea7c,CUST00941,billing,67.76
a08b10d7,CUST00941,billing,30.6
6cdec404,CUST00942,other,68.15
990e6cd0,CUST00942,refund,67.9
bdea037e,CUST00942,billing,99.57
f1a8b246,CUST00943,refund,37.89
95bc610f,CUST00943,other,99.02
cbcc1c66,CUST00943,delivery,86.95
158478cf,CUST00943,refund,47.65
6a24f0a0,CUST00944,other,92.41
5dc1b9ef,CUST00944,login,101.34
d7ed3cfa,CUST00945,billing,63.07
5138c415,CUST00945,refund,71.34
10c0c863,CUST00945,login,45.32
24779aee,CUST00945,delivery,45.51
9c2426f8,CUST00946,delivery,61.8
e048393e,CUST00946,refund,20.51
073b36c5,CUST00947,other,43.53
971f160d,CUST00948,login,69.88
de71b0d0,CUST00948,billing,103.88
65caa5fc,CUST00948,login,20.56
ce76fd36,CUST00948,delivery,53.4
94b81b7b,CUST00949,refund,111.53
6ebe6aea,CUST00949,delivery,90.63
d97d15d5,CUST00949,technical,68.88
dcfd8953,CUST00949,billing,97.41
48a1c0e8,CUST00950,billing,29.39
8860a796,CUST00951,technical,28.46
9a49dcaa,CUST00951,login,110.98
97b1328f,CUST00951,refund,1.07
6910c375,CUST00951,technical,107.35
78712580,CUST00953,login,97.98
7d0e0516,CUST00958,delivery,23.65
2aad45dc,CUST00958,refund,44.84
aa9f7155,CUST00958,login,91.92
23650e5e,CUST00960,delivery,79.9
30c6d94d,CUST00960,delivery,102.01
e59c9a92,CUST00960,billing,23.76
3da4a9b5,CUST00960,login,67.86
c2926132,CUST00961,billing,97.49
20bf917c,CUST00961,login,14.87
fb463f64,CUST00964,refund,41.8
5e138866,CUST00964,other,71.04
c4f705df,CUST00964,technical,114.58
15004eec,CUST00964,technical,12.76
5e123e25,CUST00965,login,28.69
41dd7ce2,CUST00965,technical,5.63
b722d362,CUST00965,delivery,102.64
24958ee2,CUST00965,other,43.2
17e8c038,CUST00966,login,42.6
159a4aa0,CUST00966,other,63.06
cfefe0c3,CUST00966,billing,5.59
7276436e,CUST00967,billing,99.04
5130f609,CUST00968,billing,37.14
d685aa31,CUST00968,technical,68.98
26a655b1,CUST00968,billing,76.24
730767b0,CUST00969,other,57.66
a84bb333,CUST00970,technical,7.03
9361601a,CUST00970,other,4.39
1587fc68,CUST00971,delivery,111.73
ef7a4ff4,CUST00972,technical,112.8
5a45fc47,CUST00973,refund,57.66
41bf14f3,CUST00974,billing,5.86
945fdc62,CUST00974,technical,12.37
0ac9b196,CUST00974,billing,8.96
805b5045,CUST00975,technical,118.24
8ce45e8a,CUST00975,refund,53.27
49a18553,CUST00975,refund,91.37
e5c92bae,CUST00978,billing,45.59
142b5361,CUST00978,billing,5.21
ab1224bf,CUST00978,login,78.63
e26119c1,CUST00978,login,87.99
90d0292f,CUST00979,technical,50.32
508ae671,CUST00979,other,77.22
c2c5093f,CUST00980,delivery,55.62
12381ef4,CUST00980,technical,38.41
2a745b52,CUST00981,other,55.96
af856345,CUST00981,refund,16.7
bb9fe078,CUST00982,other,66.6
9692da74,CUST00982,delivery,21.67
82358e8a,CUST00982,billing,19.08
9081a3b0,CUST00982,technical,39.24
4787887a,CUST00984,other,89.51
f4250434,CUST00985,other,16.66
803b4bd4,CUST00988,other,110.47
65099607,CUST00988,refund,25.44
f6fbac87,CUST00988,delivery,106.92
57986ae7,CUST00989,other,96.92
8e282104,CUST00989,login,86.17
a1ff32be,CUST00989,billing,114.54
3188d54a,CUST00989,technical,65.27
e22c0b24,CUST00991,billing,75.09
57ce506a,CUST00992,login,77.82
ffe4d526,CUST00992,delivery,24.59
cd39e7dc,CUST00992,delivery,34.08
fc615c57,CUST00992,technical,111.34
da14be68,CUST00993,other,44.34
bee3bba6,CUST00994,login,59.7
540bcc46,CUST00994,technical,118.59
8307106a,CUST00996,technical,82.4
c15a1e81,CUST00996,technical,90.3
c18d754a,CUST00997,delivery,68.79
cb30556f,CUST00997,technical,101.7
f2d621e1,CUST00999,delivery,51.39
b3e3765a,CUST00999,technical,29.34
4eee63e1,CUST00999,billing,94.72
92e9feaa,CUST00999,refund,2.53
bd418517,CUST01000,login,118.9
